{
   "Format": "1.25.0",
   "ConfigSchema": {
      "Animation": {
         "AllowValues": "pulse, bounce, false",
         "Default": "false"
      }
   },
   "Changes": [
      {
         "LogName": "Bounce Dig Spot",
         "Action": "EditImage",
         "Target": "LooseSprites/Cursors",
         "FromFile": "assets/Cursors.png",
         "FromArea": {
            "X": 0,
            "Y": 0,
            "Width": 64,
            "Height": 16
         },
         "ToArea": {
            "X": 368,
            "Y": 32,
            "Width": 64,
            "Height": 16
         },
         "When": {
            "Animation": "bounce"
         }
      },
      {
         "LogName": "Pulse Dig Spot",
         "Action": "EditImage",
         "Target": "LooseSprites/Cursors",
         "FromFile": "assets/Cursors.png",
         "FromArea": {
            "X": 0,
            "Y": 16,
            "Width": 64,
            "Height": 16
         },
         "ToArea": {
            "X": 368,
            "Y": 32,
            "Width": 64,
            "Height": 16
         },
         "When": {
            "Animation": "pulse"
         }
      },
      {
         "LogName": "Dig Spot",
         "Action": "EditImage",
         "Target": "LooseSprites/Cursors",
         "FromFile": "assets/Cursors.png",
         "FromArea": {
            "X": 0,
            "Y": 32,
            "Width": 64,
            "Height": 16
         },
         "ToArea": {
            "X": 368,
            "Y": 32,
            "Width": 64,
            "Height": 16
         },
         "When": {
            "Animation": "false"
         }
      }
   ]
}